{
    "data": [
        {
            "label": "ເມນູຫຼັກ",
            "icon": "pi pi-home",
            "items": [
                {
                    "label": "ໜ້າຫຼັກ",
                    "icon": "pi pi-fw pi-home",
                    "routerLink": [""]
                },
                {
                    "label": "ຈັດການຂໍ້ມູນຜູ້ໃຊ້",
                    "icon": "pi pi-users",
                    "routerLink": ["users"]
                },
                {
                    "label": "ຈັດການຂໍ້ມູນປະເພດບໍລິການ",
                    "icon": "pi pi-list",
                    "routerLink": ["types"]
                },
                {
                    "label": "ຈັດການຂໍ້ມູນເຄົາເຕີ",
                    "icon": "pi pi-desktop",
                    "routerLink": ["counters"]
                }
            ]
        }
    ]
}
